symbol,price,week52_low,week52_high,range_pct,off_high_pct,off_low_pct,screener_price,drift_pct,status
NVDA,200.7500,164.0700,236.5400,50.61,-15.13,22.36,200.7500,0.00,ok
AAPL,308.9100,201.6800,344.5700,75.04,-10.35,53.17,308.9100,0.00,ok
GOOG,356.6500,190.9200,404.4700,77.61,-11.82,86.81,356.6500,0.00,ok
MSFT,464.7200,349.2000,553.7200,56.48,-16.07,33.08,464.7200,0.00,ok
AMZN,271.5800,196.0000,278.5600,91.55,-2.51,38.56,271.5800,0.00,ok
AVGO,389.2800,281.8700,495.0000,50.40,-21.36,38.11,389.2800,0.00,ok
SPCX,108.3700,107.0100,225.6400,1.15,-51.97,1.27,108.3700,0.00,ok
META,556.7100,520.2600,796.2500,13.21,-30.08,7.01,556.7100,0.00,ok
TSLA,311.2100,297.3800,498.8300,6.87,-37.61,4.65,311.2100,0.00,ok
BRK.B,511.5400,455.1900,516.8500,91.39,-1.03,12.38,511.5400,0.00,ok
LLY,1148.8400,623.7800,1249.4500,83.92,-8.05,84.17,1148.8400,0.00,ok
JPM,351.7900,279.1000,359.3000,90.64,-2.09,26.04,351.7900,0.00,ok
MU,823.0300,105.4600,1255.0000,62.42,-34.42,680.42,823.0300,0.00,ok
WMT,111.2000,95.4200,135.1600,39.71,-17.73,16.54,111.2000,0.00,ok
AMD,476.1500,149.2200,584.7300,75.07,-18.57,219.09,476.1500,0.00,ok
V,366.1300,293.8900,373.9700,90.21,-2.10,24.58,366.1300,0.00,ok
XOM,155.4400,105.5300,176.4100,70.41,-11.89,47.29,155.4400,0.00,ok
JNJ,256.3500,166.6400,274.9000,82.87,-6.75,53.83,256.3500,0.00,ok
MA,573.1000,464.5200,601.7700,79.11,-4.76,23.37,573.1000,0.00,ok
CSCO,115.9900,65.7500,130.3700,77.75,-11.03,76.41,115.9900,0.00,ok
INTC,90.2000,19.3500,142.3500,57.60,-36.64,366.15,90.2000,0.00,ok
ABBV,250.9400,190.7500,267.4700,78.45,-6.18,31.55,250.9400,0.00,ok
BAC,61.9500,44.7500,62.9900,94.30,-1.65,38.44,61.9500,0.00,ok
COST,951.8900,844.0600,1096.5000,42.72,-13.19,12.78,951.8900,0.00,ok
AMAT,507.6700,154.4700,739.6700,60.36,-31.37,228.65,507.6700,0.00,ok
CVX,196.8300,146.4900,214.7100,73.79,-8.33,34.36,196.8300,0.00,ok
KO,87.5900,65.3500,90.9200,86.98,-3.66,34.03,87.5900,0.00,ok
UNH,414.4000,236.9500,461.6200,78.98,-10.23,74.89,414.4000,0.00,ok
CAT,814.8100,405.4600,1073.4600,61.28,-24.09,100.96,814.8100,0.00,ok
ORCL,129.8700,114.5000,345.7200,6.65,-62.43,13.42,129.8700,0.00,ok
GE,360.0700,263.8000,382.9700,80.78,-5.98,36.49,360.0700,0.00,ok
LRCX,293.0200,94.1100,438.5000,57.76,-33.18,211.36,293.0200,0.00,ok
PG,144.4900,137.6200,167.2500,23.19,-13.61,4.99,144.4900,0.00,ok
MS,210.4200,139.4100,232.2500,76.49,-9.40,50.94,210.4200,0.00,ok
HD,331.9600,289.1000,426.7500,31.14,-22.21,14.83,331.9600,0.00,ok
MRK,130.2000,77.5800,135.0500,91.56,-3.59,67.83,130.2000,0.00,ok
GS,1018.3800,705.5500,1153.9900,69.76,-11.75,44.34,1018.3800,0.00,ok
NFLX,71.7100,65.0800,126.7100,10.76,-43.41,10.19,71.7100,0.00,ok
PM,190.8200,142.1100,207.7600,74.20,-8.15,34.28,190.8200,0.00,ok
PLTR,123.0600,106.3700,207.5200,16.50,-40.70,15.69,123.0600,0.00,ok
RTX,215.2200,150.6100,221.3400,91.35,-2.76,42.90,215.2200,0.00,ok
PANW,331.8300,139.5700,368.8000,83.87,-10.02,137.75,331.8300,0.00,ok
GEV,990.2900,530.1600,1195.9400,69.11,-17.20,86.79,990.2900,0.00,ok
DELL,405.3700,110.2200,469.4700,82.16,-13.65,267.78,405.3700,0.00,ok
WFC,86.4500,72.7800,97.7600,54.72,-11.57,18.78,86.4500,0.00,ok
TXN,275.7400,152.7300,334.0300,67.85,-17.45,80.54,275.7400,0.00,ok
KLAC,182.8200,83.2240,307.3700,44.43,-40.52,119.67,182.8200,0.00,ok
CCZ,65.9900,59.0000,66.5000,93.20,-0.77,11.85,65.9900,0.00,ok
ANET,180.3500,114.5200,189.8170,87.43,-4.99,57.48,180.3500,0.00,ok
AXP,336.2500,290.6300,387.4900,47.10,-13.22,15.70,336.2500,0.00,ok
C,132.4500,89.6800,147.9600,73.39,-10.48,47.69,132.4500,0.00,ok
LIN,478.3800,387.7800,548.2000,56.48,-12.74,23.36,478.3800,0.00,ok
TMO,574.3000,435.2700,643.9900,66.61,-10.82,31.94,574.3000,0.00,ok
IBM,223.6500,199.1900,332.4600,18.35,-32.73,12.28,223.6500,0.00,ok
AMGN,385.1600,269.7700,398.0000,89.99,-3.23,42.77,385.1600,0.00,ok
APH,160.7000,104.7100,178.5200,75.86,-9.98,53.47,160.7000,0.00,ok
VZ,46.8100,38.3900,51.6800,63.36,-9.42,21.93,46.8100,0.00,ok
CRWD,190.8600,85.6800,217.5000,79.79,-12.25,122.76,190.8600,0.00,ok
MCD,270.6400,260.9600,341.7500,11.98,-20.81,3.71,270.6400,0.00,ok
PEP,139.5600,133.7300,171.4800,15.44,-18.61,4.36,139.5600,0.00,ok
WDC,544.8400,73.1400,799.8700,64.91,-31.88,644.93,544.8400,0.00,ok
TMUS,172.7100,165.6600,261.5600,7.35,-33.97,4.26,172.7100,0.00,ok
SCHW,105.2400,83.9600,107.5000,90.40,-2.10,25.35,105.2400,0.00,ok
ABT,105.7000,81.9700,137.4900,42.74,-23.12,28.95,105.7000,0.00,ok
NEE,86.9200,69.2400,98.7500,59.91,-11.98,25.53,86.9200,0.00,ok
SNDK,1214.8300,40.5300,2354.3900,50.75,-48.40,2897.36,1214.8300,0.00,ok
ADI,367.4100,218.3700,445.9100,65.50,-17.60,68.25,367.4100,0.00,ok
TJX,157.3400,126.3000,170.0000,71.03,-7.45,24.58,157.3400,0.00,ok
UNP,292.1300,210.8400,315.9900,77.31,-7.55,38.56,292.1300,0.00,ok
BA,216.1400,176.7700,254.3500,50.75,-15.02,22.27,216.1400,0.00,ok
BLK,1090.3900,917.3900,1219.9400,57.18,-10.62,18.86,1090.3900,0.00,ok
WELL,234.4400,161.2600,255.2000,77.90,-8.13,45.38,234.4400,0.00,ok
DIS,96.1900,92.1900,119.7800,14.50,-19.69,4.34,96.1900,0.00,ok
MRVL,187.5600,61.4400,329.8800,46.98,-43.14,205.27,187.5600,0.00,ok
GILD,130.2100,108.4600,157.2900,44.54,-17.22,20.05,130.2100,0.00,ok
DE,592.6700,433.0000,674.1900,66.20,-12.09,36.88,592.6700,0.00,ok
T,23.2500,19.8900,29.7900,33.94,-21.95,16.89,23.2500,0.00,ok
QCOM,147.6100,121.9900,259.9200,18.57,-43.21,21.00,147.6100,0.00,ok
SCCO,182.7100,88.6840,221.6730,70.70,-17.58,106.02,182.7100,0.00,ok
CRM,184.0200,146.3200,269.1100,30.70,-31.62,25.77,184.0200,0.00,ok
BKNG,192.9000,150.1400,231.8000,52.36,-16.78,28.48,192.9000,0.00,ok
IBKR,87.9900,58.9500,97.8400,74.67,-10.07,49.26,87.9900,0.00,ok
COP,120.4800,85.5700,135.8700,69.40,-11.33,40.80,120.4800,0.00,ok
UBER,70.3600,65.4100,101.9900,13.53,-31.01,7.57,70.3600,0.00,ok
PFE,25.0100,23.4000,28.7500,30.09,-13.01,6.88,25.0100,0.00,ok
DHR,194.9800,160.9300,242.8000,41.59,-19.70,21.16,194.9800,0.00,ok
PLD,144.6100,103.4100,153.3500,82.50,-5.70,39.84,144.6100,0.00,ok
LMT,582.7400,419.0000,692.0000,59.98,-15.79,39.08,582.7400,0.00,ok
BMY,65.3100,42.5200,65.6600,98.49,-0.53,53.60,65.3100,0.00,ok
CVS,104.4300,61.3500,110.6800,87.33,-5.65,70.22,104.4300,0.00,ok
APP,395.9000,359.0000,745.6100,9.54,-46.90,10.28,395.9000,0.00,ok
COF,209.0100,174.2400,259.6400,40.71,-19.50,19.96,209.0100,0.00,ok
SYK,325.7000,281.0000,396.8600,38.58,-17.93,15.91,325.7000,0.00,ok
ISRG,353.3300,328.5700,603.8800,8.99,-41.49,7.54,353.3300,0.00,ok
PGR,211.4200,189.2000,254.9300,33.80,-17.07,11.74,211.4200,0.00,ok
PH,976.5300,692.0200,1034.9600,82.96,-5.65,41.11,976.5300,0.00,ok
SPGI,411.9300,361.0310,547.8240,27.25,-24.81,14.10,411.9300,0.00,ok
VRTX,477.1000,362.5000,533.6700,66.95,-10.60,31.61,477.1000,0.00,ok
SBUX,105.2500,77.9900,109.2300,87.26,-3.64,34.95,105.2500,0.00,ok
GLW,138.2500,62.6500,271.7800,36.15,-49.13,120.67,138.2500,0.00,ok
FTNT,161.9500,70.1200,170.3500,91.62,-4.93,130.96,161.9500,0.00,ok
LOW,207.8100,199.4000,293.0600,8.98,-29.09,4.22,207.8100,0.00,ok
NOW,111.2300,81.2400,194.7260,26.43,-42.88,36.92,111.2300,0.00,ok
MO,68.3300,54.7000,77.0600,60.96,-11.33,24.92,68.3300,0.00,ok
HWM,282.2600,169.4500,295.2800,89.65,-4.41,66.57,282.2600,0.00,ok
MDT,85.3900,73.3100,106.3300,36.58,-19.69,16.48,85.3900,0.00,ok
BNY,156.3300,99.6700,163.7700,88.39,-4.54,56.85,156.3300,0.00,ok
ADP,266.4600,188.1600,310.0800,64.22,-14.07,41.61,266.4600,0.00,ok
SO,94.5400,83.8000,100.8400,63.03,-6.25,12.82,94.5400,0.00,ok
GD,383.4200,306.7700,400.0000,82.22,-4.14,24.99,383.4200,0.00,ok
MCK,856.1900,637.0000,999.0000,60.55,-14.30,34.41,856.1900,0.00,ok
SNOW,293.2800,118.3000,304.1700,94.14,-3.58,147.91,293.2800,0.00,ok
EQIX,1019.2800,720.6200,1128.6800,73.19,-9.69,41.44,1019.2800,0.00,ok
PNC,249.8700,176.8800,256.4900,91.68,-2.58,41.27,249.8700,0.00,ok
PWR,667.3600,363.0100,788.7500,71.49,-15.39,83.84,667.3600,0.00,ok
ADBE,250.4100,190.1200,370.8600,33.36,-32.48,31.71,250.4100,0.00,ok
NEM,93.7100,63.1300,134.8800,42.62,-30.52,48.44,93.7100,0.00,ok
NET,278.9800,158.8300,293.8000,89.02,-5.04,75.65,278.9800,0.00,ok
MAR,372.8300,255.2700,410.9800,75.50,-9.28,46.05,372.8300,0.00,ok
DUK,125.4300,113.9000,134.4900,56.00,-6.74,10.12,125.4300,0.00,ok
USB,63.0100,43.8300,64.8400,91.29,-2.82,43.76,63.0100,0.00,ok
CME,267.7900,218.3100,329.1600,44.64,-18.64,22.67,267.7900,0.00,ok
DDOG,267.9700,98.0100,278.7580,94.03,-3.87,173.41,267.9700,0.00,ok
BX,127.7500,101.7300,190.0900,29.45,-32.79,25.58,127.7500,0.00,ok
CEG,262.7500,228.6300,412.7000,18.54,-36.33,14.92,262.7500,0.00,ok
MNST,96.3800,58.5400,100.3400,90.53,-3.95,64.64,96.3800,0.00,ok
CDNS,340.0200,262.7500,416.6900,50.19,-18.40,29.41,340.0200,0.00,ok
CSX,50.4000,31.8000,53.6000,85.32,-5.97,58.49,50.4000,0.00,ok
VRT,241.5700,118.7000,379.9350,47.03,-36.42,103.51,241.5700,0.00,ok
VLO,312.9000,130.7800,320.2400,96.13,-2.29,139.26,312.9000,0.00,ok
MPC,316.4700,158.0000,326.9200,93.81,-3.20,100.30,316.4700,0.00,ok
ABNB,151.5200,110.8100,156.5000,89.10,-3.18,36.74,151.5200,0.00,ok
KKR,101.4300,82.6700,152.1000,27.02,-33.31,22.69,101.4300,0.00,ok
MMM,176.2800,139.3400,184.9000,81.08,-4.66,26.51,176.2800,0.00,ok
WM,226.5500,194.1100,248.1300,60.05,-8.70,16.71,226.5500,0.00,ok
MRSH,189.6900,156.6000,213.8000,57.85,-11.28,21.13,189.6900,0.00,ok
FCX,62.6300,35.1500,72.2800,74.01,-13.35,78.18,62.6300,0.00,ok
UPS,104.2200,82.0000,122.4100,54.99,-14.86,27.10,104.2200,0.00,ok
CMI,634.2000,356.9200,737.7600,72.81,-14.04,77.69,634.2000,0.00,ok
WMB,71.5400,55.8200,80.0800,64.80,-10.66,28.16,71.5400,0.00,ok
HCA,402.5900,353.9900,556.5200,24.00,-27.66,13.73,402.5900,0.00,ok
INTU,316.0700,252.8400,794.0900,11.68,-60.20,25.01,316.0700,0.00,ok
ICE,152.4800,121.7900,189.3500,45.43,-19.47,25.20,152.4800,0.00,ok
DASH,196.1600,143.3000,285.5000,37.17,-31.29,36.89,196.1600,0.00,ok
RCL,318.3000,232.1000,366.5000,64.14,-13.15,37.14,318.3000,0.00,ok
CMCSA,23.9600,21.2800,32.8600,23.14,-27.08,12.59,23.9600,0.00,ok
PSX,211.6800,118.0700,216.0800,95.51,-2.04,79.28,211.6800,0.00,ok
EMR,149.8200,122.6400,165.1500,63.94,-9.28,22.16,149.8200,0.00,ok
MCO,478.3800,402.2800,546.8800,52.63,-12.53,18.92,478.3800,0.00,ok
SHW,340.8500,289.8600,379.6500,56.79,-10.22,17.59,340.8500,0.00,ok
ITW,286.9500,238.8200,303.1600,74.81,-5.35,20.15,286.9500,0.00,ok
EPD,38.0500,30.0100,40.1700,79.13,-5.28,26.79,38.0500,0.00,ok
CTAS,204.6300,161.1600,226.7500,66.28,-9.76,26.97,204.6300,0.00,ok
ELV,375.8400,273.7100,436.2400,62.84,-13.85,37.31,375.8400,0.00,ok
AMT,173.3600,160.0600,214.7900,24.30,-19.29,8.31,173.3600,0.00,ok
ROST,251.0700,137.5800,255.3000,96.41,-1.66,82.49,251.0700,0.00,ok
REGN,762.6300,541.0000,821.1100,79.12,-7.12,40.97,762.6300,0.00,ok
MDLZ,62.3100,51.2000,66.6500,71.91,-6.51,21.70,62.3100,0.00,ok
EOG,148.6900,101.5900,151.8700,93.68,-2.09,46.36,148.6900,0.00,ok
ECL,277.6300,243.1500,309.2700,52.15,-10.23,14.18,277.6300,0.00,ok
TRV,374.3600,252.2600,398.7000,83.38,-6.10,48.40,374.3600,0.00,ok
GM,88.8600,52.0900,91.8500,92.48,-3.26,70.59,88.8600,0.00,ok
HOOD,86.5600,63.5150,153.8600,25.51,-43.74,36.28,86.5600,0.00,ok
NOC,542.4800,479.0200,774.0000,21.51,-29.91,13.25,542.4800,0.00,ok
HON,243.0500,195.8680,260.2830,73.25,-6.62,24.09,243.0500,0.00,ok
AON,360.5500,304.5900,382.3400,71.97,-5.70,18.37,360.5500,0.00,ok
NSC,335.4800,268.2300,358.6000,74.42,-6.45,25.07,335.4800,0.00,ok
SNPS,388.7600,366.0000,636.6100,8.41,-38.93,6.22,388.7600,0.00,ok
SPG,229.3700,159.9900,238.5000,88.37,-3.83,43.37,229.3700,0.00,ok
ORLY,89.3500,82.5900,108.7200,25.87,-17.82,8.19,89.3500,0.00,ok
CI,279.0500,239.5100,315.4700,52.05,-11.54,16.51,279.0500,0.00,ok
CL,91.3000,74.5500,99.3300,67.59,-8.08,22.47,91.3000,0.00,ok
FDX,307.4000,174.1340,345.3700,77.83,-10.99,76.53,307.4000,0.00,ok
APO,125.5900,99.5600,153.2900,48.45,-18.07,26.15,125.5900,0.00,ok
MSI,435.7500,359.3600,492.2200,57.50,-11.47,21.26,435.7500,0.00,ok
HLT,320.4900,253.5400,358.0000,64.09,-10.48,26.41,320.4900,0.00,ok
KMI,32.1800,25.6000,34.8100,71.44,-7.56,25.70,32.1800,0.00,ok
DLR,188.5200,146.2300,208.1400,68.31,-9.43,28.92,188.5200,0.00,ok
TDG,1254.3800,1123.6100,1616.8900,26.51,-22.42,11.64,1254.3800,0.00,ok
MPWR,1426.0300,774.1400,1714.0900,69.35,-16.81,84.21,1426.0300,0.00,ok
PCAR,132.6800,92.2500,139.2400,86.04,-4.71,43.83,132.6800,0.00,ok
AEP,127.8500,105.7000,140.5800,63.50,-9.06,20.96,127.8500,0.00,ok
BSX,46.7300,42.2000,109.5000,6.73,-57.32,10.73,46.7300,0.00,ok
CVNA,62.3600,54.4640,97.3780,18.40,-35.96,14.50,62.3600,0.00,ok
ALL,264.0800,188.0800,277.2200,85.26,-4.74,40.41,264.0800,0.00,ok
URI,1079.2600,701.5900,1177.6700,79.33,-8.36,53.83,1079.2600,0.00,ok
WBD,26.3000,10.7600,30.0000,80.77,-12.33,144.42,26.3000,0.00,ok
APD,294.8900,229.1100,314.8700,76.70,-6.35,28.71,294.8900,0.00,ok
TGT,144.4900,83.4400,147.7700,94.90,-2.22,73.17,144.4900,0.00,ok
HONA,206.7400,192.0300,297.5000,13.95,-30.51,7.66,206.7400,0.00,ok
GWW,1382.2200,906.5200,1419.9100,92.66,-2.65,52.48,1382.2200,0.00,ok
AFL,127.4800,97.4700,130.2200,91.63,-2.10,30.79,127.4800,0.00,ok
RSG,210.5500,196.4100,238.6200,33.50,-11.76,7.20,210.5500,0.00,ok
TFC,51.8400,40.7800,56.2000,71.73,-7.76,27.12,51.8400,0.00,ok
AJG,249.4200,190.7500,313.5500,47.78,-20.45,30.76,249.4200,0.00,ok
HPE,47.9000,19.6350,64.2500,63.35,-25.45,143.95,47.9000,0.00,ok
NKE,41.7100,40.0000,80.1700,4.26,-47.97,4.28,41.7100,0.00,ok
MET,96.1300,67.3300,97.8000,94.52,-1.71,42.77,96.1300,0.00,ok
FIX,1729.6900,655.9600,2073.9900,75.72,-16.60,163.69,1729.6900,0.00,ok
D,69.1700,55.8500,72.9900,77.71,-5.23,23.85,69.1700,0.00,ok
